gRNA_id,edit,Editor,protospacer,exon,proto_start,proto_end,PAM,PAM_start,PAM_end,ideal_start,ideal_end,ideal_window,strand,CDS_hit,ABE_amenable,CBE_amenable,HGVSp,potential_splice,Complex,MUT_AA,WT_AA,Codon,sensor_wt,sensor_alt,Gene
gRNA_65,GTGGG,ABE,GGTGTAGGTGGCTGCACCTG,11,49950168,49950187,GG,49950188,49950189,49950171,49950175,GTAGG,+,True,True,False,Y632H,False,False,H,Y,632.0,ACCACCCGCCCCCAGGTGCAGCCACCTACACCCCGGGGAAGG,ACCACCCGCCCCCAGGTGCAGCCACCCACACCCCGGGGAAGG,Siglec-11
gRNA_604,GTGCC,ABE,ACCATGCCTCATCCTCCCTC,2,49960627,49960646,TG,49960647,49960648,49960630,49960634,ATGCC,+,True,True,True,W128R,False,False,R,W,128.0,CAGAGACGCGCAGAGGGAGGATGAGGCATGGTACTTCTTTCG,CAGAGACGCGCAGAGGGAGGATGAGGCACGGTACTTCTTTCG,Siglec-11
gRNA_604,ATGTC,CBE,ACCATGCCTCATCCTCCCTC,2,49960627,49960646,TG,49960647,49960648,49960630,49960634,ATGCC,+,True,True,True,A127T,False,False,T,A,127.0,CAGAGACGCGCAGAGGGAGGATGAGGCATGGTACTTCTTTCG,CAGAGACGCGCAGAGGGAGGATGAGACATGGTACTTCTTTCG,Siglec-11
gRNA_604,ATGCT,CBE,ACCATGCCTCATCCTCCCTC,2,49960627,49960646,TG,49960647,49960648,49960630,49960634,ATGCC,+,True,True,True,WT,False,False,,,,CAGAGACGCGCAGAGGGAGGATGAGGCATGGTACTTCTTTCG,CAGAGACGCGCAGAGGGAGGATGAAGCATGGTACTTCTTTCG,Siglec-11
gRNA_604,ATGTT,CBE,ACCATGCCTCATCCTCCCTC,2,49960627,49960646,TG,49960647,49960648,49960630,49960634,ATGCC,+,True,True,True,A127T,False,False,T,A,127.0,CAGAGACGCGCAGAGGGAGGATGAGGCATGGTACTTCTTTCG,CAGAGACGCGCAGAGGGAGGATGAAACATGGTACTTCTTTCG,Siglec-11
gRNA_610,GTTTC,CBE,CGCGTCTCTGATCACCAAGG,2,49960649,49960668,AG,49960669,49960670,49960652,49960656,GTCTC,+,True,False,True,D120N,False,False,N,D,120.0,AAGGGAGCTGCTCCTTGGTGATCAGAGACGCGCAGAGGGAGG,AAGGGAGCTGCTCCTTGGTGATCAGAAACGCGCAGAGGGAGG,Siglec-11
gRNA_610,GTCTT,CBE,CGCGTCTCTGATCACCAAGG,2,49960649,49960668,AG,49960669,49960670,49960652,49960656,GTCTC,+,True,False,True,R119K,False,False,K,R,119.0,AAGGGAGCTGCTCCTTGGTGATCAGAGACGCGCAGAGGGAGG,AAGGGAGCTGCTCCTTGGTGATCAAAGACGCGCAGAGGGAGG,Siglec-11
gRNA_610,GTTTT,CBE,CGCGTCTCTGATCACCAAGG,2,49960649,49960668,AG,49960669,49960670,49960652,49960656,GTCTC,+,True,False,True,R119K_D120N,False,True,,,,AAGGGAGCTGCTCCTTGGTGATCAGAGACGCGCAGAGGGAGG,AAGGGAGCTGCTCCTTGGTGATCAAAAACGCGCAGAGGGAGG,Siglec-11
gRNA_677,TCTCT,CBE,CTGCCTCTGCACTTGAAGAC,2,49960889,49960908,TG,49960909,49960910,49960892,49960896,CCTCT,+,True,False,True,WT,False,False,,,,ATCCCAGTTACAGTCTTCAAGTGCAGAGGCAGGTGCCGGTGC,ATCCCAGTTACAGTCTTCAAGTGCAGAGACAGGTGCCGGTGC,Siglec-11
gRNA_677,CTTCT,CBE,CTGCCTCTGCACTTGAAGAC,2,49960889,49960908,TG,49960909,49960910,49960892,49960896,CCTCT,+,True,False,True,R40K,False,False,K,R,40.0,ATCCCAGTTACAGTCTTCAAGTGCAGAGGCAGGTGCCGGTGC,ATCCCAGTTACAGTCTTCAAGTGCAGAAGCAGGTGCCGGTGC,Siglec-11
gRNA_677,CCTTT,CBE,CTGCCTCTGCACTTGAAGAC,2,49960889,49960908,TG,49960909,49960910,49960892,49960896,CCTCT,+,True,False,True,WT,False,False,,,,ATCCCAGTTACAGTCTTCAAGTGCAGAGGCAGGTGCCGGTGC,ATCCCAGTTACAGTCTTCAAGTGCAAAGGCAGGTGCCGGTGC,Siglec-11
gRNA_677,TTTCT,CBE,CTGCCTCTGCACTTGAAGAC,2,49960889,49960908,TG,49960909,49960910,49960892,49960896,CCTCT,+,True,False,True,R40K,False,False,K,R,40.0,ATCCCAGTTACAGTCTTCAAGTGCAGAGGCAGGTGCCGGTGC,ATCCCAGTTACAGTCTTCAAGTGCAGAAACAGGTGCCGGTGC,Siglec-11
gRNA_677,TCTTT,CBE,CTGCCTCTGCACTTGAAGAC,2,49960889,49960908,TG,49960909,49960910,49960892,49960896,CCTCT,+,True,False,True,WT,False,False,,,,ATCCCAGTTACAGTCTTCAAGTGCAGAGGCAGGTGCCGGTGC,ATCCCAGTTACAGTCTTCAAGTGCAAAGACAGGTGCCGGTGC,Siglec-11
gRNA_677,CTTTT,CBE,CTGCCTCTGCACTTGAAGAC,2,49960889,49960908,TG,49960909,49960910,49960892,49960896,CCTCT,+,True,False,True,R40K,False,False,K,R,40.0,ATCCCAGTTACAGTCTTCAAGTGCAGAGGCAGGTGCCGGTGC,ATCCCAGTTACAGTCTTCAAGTGCAAAAGCAGGTGCCGGTGC,Siglec-11
gRNA_677,TTTTT,CBE,CTGCCTCTGCACTTGAAGAC,2,49960889,49960908,TG,49960909,49960910,49960892,49960896,CCTCT,+,True,False,True,R40K,False,False,K,R,40.0,ATCCCAGTTACAGTCTTCAAGTGCAGAGGCAGGTGCCGGTGC,ATCCCAGTTACAGTCTTCAAGTGCAAAAACAGGTGCCGGTGC,Siglec-11
gRNA_791,CCTGC,ABE,CCACCTACACCCCGGGGAAG,11,49950178,49950159,GG,49950157,49950156,49950175,49950171,CCTAC,-,True,True,True,Y632C,False,False,C,Y,632.0,CTGCTCTTCCCCCTTCCCCGGGGTGTAGGTGGCTGCACCTGG,CTGCTCTTCCCCCTTCCCCGGGGTGCAGGTGGCTGCACCTGG,Siglec-11
gRNA_1273,GCGTG,ABE,GAGGCATGGTACTTCTTTCG,2,49960636,49960617,GG,49960615,49960614,49960633,49960629,GCATG,-,True,True,True,WT,False,False,,,,CCTCTCTCCACCCGAAAGAAGTACCATGCCTCATCCTCCCTC,CCTCTCTCCACCCGAAAGAAGTACCACGCCTCATCCTCCCTC,Siglec-11
gRNA_1275,GGGCA,ABE,ATGAGGCATGGTACTTCTTT,2,49960638,49960619,CG,49960617,49960616,49960635,49960631,AGGCA,-,True,True,True,E126G,False,False,G,E,126.0,TCTCTCCACCCGAAAGAAGTACCATGCCTCATCCTCCCTCTG,TCTCTCCACCCGAAAGAAGTACCATGCCCCATCCTCCCTCTG,Siglec-11
gRNA_1275,AGGCG,ABE,ATGAGGCATGGTACTTCTTT,2,49960638,49960619,CG,49960617,49960616,49960635,49960631,AGGCA,-,True,True,True,WT,False,False,,,,TCTCTCCACCCGAAAGAAGTACCATGCCTCATCCTCCCTCTG,TCTCTCCACCCGAAAGAAGTACCACGCCTCATCCTCCCTCTG,Siglec-11
gRNA_1275,GGGCG,ABE,ATGAGGCATGGTACTTCTTT,2,49960638,49960619,CG,49960617,49960616,49960635,49960631,AGGCA,-,True,True,True,E126G,False,False,G,E,126.0,TCTCTCCACCCGAAAGAAGTACCATGCCTCATCCTCCCTCTG,TCTCTCCACCCGAAAGAAGTACCACGCCCCATCCTCCCTCTG,Siglec-11
gRNA_1276,GGGGG,ABE,GCAGAGGGAGGATGAGGCAT,2,49960649,49960630,GG,49960628,49960627,49960646,49960642,GAGGG,-,True,True,False,R123G,False,False,G,R,123.0,GAAAGAAGTACCATGCCTCATCCTCCCTCTGCGCGTCTCTGA,GAAAGAAGTACCATGCCTCATCCTCCCCCTGCGCGTCTCTGA,Siglec-11
gRNA_1280,GGCGC,ABE,AGAGACGCGCAGAGGGAGGA,2,49960657,49960638,TG,49960636,49960635,49960654,49960650,GACGC,-,True,True,True,D120G,False,False,G,D,120.0,TACCATGCCTCATCCTCCCTCTGCGCGTCTCTGATCACCAAG,TACCATGCCTCATCCTCCCTCTGCGCGCCTCTGATCACCAAG,Siglec-11
gRNA_1359,GGGGC,ABE,GCAGAGGCAGGTGCCGGTGC,2,49960898,49960879,CG,49960877,49960876,49960895,49960891,GAGGC,-,True,True,True,R40G,False,False,G,R,40.0,ACAGGCCCTCCGGCACCGGCACCTGCCTCTGCACTTGAAGAC,ACAGGCCCTCCGGCACCGGCACCTGCCCCTGCACTTGAAGAC,Siglec-11
gRNA_791,TCTAC,CBE,CCACCTACACCCCGGGGAAG,11,49950178,49950159,GG,49950157,49950156,49950175,49950171,CCTAC,-,True,True,True,T631I,False,False,I,T,631.0,CTGCTCTTCCCCCTTCCCCGGGGTGTAGGTGGCTGCACCTGG,CTGCTCTTCCCCCTTCCCCGGGGTGTAGATGGCTGCACCTGG,Siglec-11
gRNA_791,CTTAC,CBE,CCACCTACACCCCGGGGAAG,11,49950178,49950159,GG,49950157,49950156,49950175,49950171,CCTAC,-,True,True,True,WT,False,False,,,,CTGCTCTTCCCCCTTCCCCGGGGTGTAGGTGGCTGCACCTGG,CTGCTCTTCCCCCTTCCCCGGGGTGTAAGTGGCTGCACCTGG,Siglec-11
gRNA_791,CCTAT,CBE,CCACCTACACCCCGGGGAAG,11,49950178,49950159,GG,49950157,49950156,49950175,49950171,CCTAC,-,True,True,True,WT,False,False,,,,CTGCTCTTCCCCCTTCCCCGGGGTGTAGGTGGCTGCACCTGG,CTGCTCTTCCCCCTTCCCCGGGGTATAGGTGGCTGCACCTGG,Siglec-11
gRNA_791,TTTAC,CBE,CCACCTACACCCCGGGGAAG,11,49950178,49950159,GG,49950157,49950156,49950175,49950171,CCTAC,-,True,True,True,T631I,False,False,I,T,631.0,CTGCTCTTCCCCCTTCCCCGGGGTGTAGGTGGCTGCACCTGG,CTGCTCTTCCCCCTTCCCCGGGGTGTAAATGGCTGCACCTGG,Siglec-11
gRNA_791,TCTAT,CBE,CCACCTACACCCCGGGGAAG,11,49950178,49950159,GG,49950157,49950156,49950175,49950171,CCTAC,-,True,True,True,T631I,False,False,I,T,631.0,CTGCTCTTCCCCCTTCCCCGGGGTGTAGGTGGCTGCACCTGG,CTGCTCTTCCCCCTTCCCCGGGGTATAGATGGCTGCACCTGG,Siglec-11
gRNA_791,CTTAT,CBE,CCACCTACACCCCGGGGAAG,11,49950178,49950159,GG,49950157,49950156,49950175,49950171,CCTAC,-,True,True,True,WT,False,False,,,,CTGCTCTTCCCCCTTCCCCGGGGTGTAGGTGGCTGCACCTGG,CTGCTCTTCCCCCTTCCCCGGGGTATAAGTGGCTGCACCTGG,Siglec-11
gRNA_791,TTTAT,CBE,CCACCTACACCCCGGGGAAG,11,49950178,49950159,GG,49950157,49950156,49950175,49950171,CCTAC,-,True,True,True,T631I,False,False,I,T,631.0,CTGCTCTTCCCCCTTCCCCGGGGTGTAGGTGGCTGCACCTGG,CTGCTCTTCCCCCTTCCCCGGGGTATAAATGGCTGCACCTGG,Siglec-11
gRNA_1273,GTATG,CBE,GAGGCATGGTACTTCTTTCG,2,49960636,49960617,GG,49960615,49960614,49960633,49960629,GCATG,-,True,True,True,A127V,False,False,V,A,127.0,CCTCTCTCCACCCGAAAGAAGTACCATGCCTCATCCTCCCTC,CCTCTCTCCACCCGAAAGAAGTACCATACCTCATCCTCCCTC,Siglec-11
gRNA_1275,AGGTA,CBE,ATGAGGCATGGTACTTCTTT,2,49960638,49960619,CG,49960617,49960616,49960635,49960631,AGGCA,-,True,True,True,A127V,False,False,V,A,127.0,TCTCTCCACCCGAAAGAAGTACCATGCCTCATCCTCCCTCTG,TCTCTCCACCCGAAAGAAGTACCATACCTCATCCTCCCTCTG,Siglec-11
gRNA_1280,GATGC,CBE,AGAGACGCGCAGAGGGAGGA,2,49960657,49960638,TG,49960636,49960635,49960654,49960650,GACGC,-,True,True,True,WT,False,False,,,,TACCATGCCTCATCCTCCCTCTGCGCGTCTCTGATCACCAAG,TACCATGCCTCATCCTCCCTCTGCGCATCTCTGATCACCAAG,Siglec-11
gRNA_1280,GACGT,CBE,AGAGACGCGCAGAGGGAGGA,2,49960657,49960638,TG,49960636,49960635,49960654,49960650,GACGC,-,True,True,True,A121V,False,False,V,A,121.0,TACCATGCCTCATCCTCCCTCTGCGCGTCTCTGATCACCAAG,TACCATGCCTCATCCTCCCTCTGCACGTCTCTGATCACCAAG,Siglec-11
gRNA_1280,GATGT,CBE,AGAGACGCGCAGAGGGAGGA,2,49960657,49960638,TG,49960636,49960635,49960654,49960650,GACGC,-,True,True,True,A121V,False,False,V,A,121.0,TACCATGCCTCATCCTCCCTCTGCGCGTCTCTGATCACCAAG,TACCATGCCTCATCCTCCCTCTGCACATCTCTGATCACCAAG,Siglec-11
gRNA_1359,GAGGT,CBE,GCAGAGGCAGGTGCCGGTGC,2,49960898,49960879,CG,49960877,49960876,49960895,49960891,GAGGC,-,True,True,True,Q41*,False,False,*,Q,41.0,ACAGGCCCTCCGGCACCGGCACCTGCCTCTGCACTTGAAGAC,ACAGGCCCTCCGGCACCGGCACCTACCTCTGCACTTGAAGAC,Siglec-11
