gRNA_id,protospacer,proto_G+19,chrom,exon,proto_start,proto_end,PAM,PAM_start,PAM_end,ideal_start,ideal_end,ideal_window,strand,sensor_wt,CDS_hit,ABE_amenable,CBE_amenable,Gene
gRNA_65,GGTGTAGGTGGCTGCACCTG,GGTGTAGGTGGCTGCACCTG,19,11,49950168,49950187,GG,49950188,49950189,49950171,49950175,GTAGG,+,ACCACCCGCCCCCAGGTGCAGCCACCTACACCCCGGGGAAGG,True,True,False,Siglec-11
gRNA_604,ACCATGCCTCATCCTCCCTC,GCCATGCCTCATCCTCCCTC,19,2,49960627,49960646,TG,49960647,49960648,49960630,49960634,ATGCC,+,CAGAGACGCGCAGAGGGAGGATGAGGCATGGTACTTCTTTCG,True,True,True,Siglec-11
gRNA_610,CGCGTCTCTGATCACCAAGG,GGCGTCTCTGATCACCAAGG,19,2,49960649,49960668,AG,49960669,49960670,49960652,49960656,GTCTC,+,AAGGGAGCTGCTCCTTGGTGATCAGAGACGCGCAGAGGGAGG,True,False,True,Siglec-11
gRNA_677,CTGCCTCTGCACTTGAAGAC,GTGCCTCTGCACTTGAAGAC,19,2,49960889,49960908,TG,49960909,49960910,49960892,49960896,CCTCT,+,ATCCCAGTTACAGTCTTCAAGTGCAGAGGCAGGTGCCGGTGC,True,False,True,Siglec-11
gRNA_791,CCACCTACACCCCGGGGAAG,GCACCTACACCCCGGGGAAG,19,11,49950178,49950159,GG,49950157,49950156,49950175,49950171,CCTAC,-,CTGCTCTTCCCCCTTCCCCGGGGTGTAGGTGGCTGCACCTGG,True,True,True,Siglec-11
gRNA_1273,GAGGCATGGTACTTCTTTCG,GAGGCATGGTACTTCTTTCG,19,2,49960636,49960617,GG,49960615,49960614,49960633,49960629,GCATG,-,CCTCTCTCCACCCGAAAGAAGTACCATGCCTCATCCTCCCTC,True,True,True,Siglec-11
gRNA_1275,ATGAGGCATGGTACTTCTTT,GTGAGGCATGGTACTTCTTT,19,2,49960638,49960619,CG,49960617,49960616,49960635,49960631,AGGCA,-,TCTCTCCACCCGAAAGAAGTACCATGCCTCATCCTCCCTCTG,True,True,True,Siglec-11
gRNA_1276,GCAGAGGGAGGATGAGGCAT,GCAGAGGGAGGATGAGGCAT,19,2,49960649,49960630,GG,49960628,49960627,49960646,49960642,GAGGG,-,GAAAGAAGTACCATGCCTCATCCTCCCTCTGCGCGTCTCTGA,True,True,False,Siglec-11
gRNA_1280,AGAGACGCGCAGAGGGAGGA,GGAGACGCGCAGAGGGAGGA,19,2,49960657,49960638,TG,49960636,49960635,49960654,49960650,GACGC,-,TACCATGCCTCATCCTCCCTCTGCGCGTCTCTGATCACCAAG,True,True,True,Siglec-11
gRNA_1359,GCAGAGGCAGGTGCCGGTGC,GCAGAGGCAGGTGCCGGTGC,19,2,49960898,49960879,CG,49960877,49960876,49960895,49960891,GAGGC,-,ACAGGCCCTCCGGCACCGGCACCTGCCTCTGCACTTGAAGAC,True,True,True,Siglec-11
