gRNA_id,protospacer,proto_G+19,ABE or CBE?,Codon(s),ABE_HGVSp,CBE_HGVSp,chrom,exon,proto_start,proto_end,PAM,PAM_start,PAM_end,ideal_start,ideal_end,ideal_window,strand
gRNA_65,GGTGTAGGTGGCTGCACCTG,GGTGTAGGTGGCTGCACCTG,ABE,632,Y632H,NONE,19,11,49950168,49950187,GG,49950188,49950189,49950171,49950175,GTAGG,+
gRNA_604,ACCATGCCTCATCCTCCCTC,GCCATGCCTCATCCTCCCTC,BOTH,"127, 128",W128R,A127T,19,2,49960627,49960646,TG,49960647,49960648,49960630,49960634,ATGCC,+
gRNA_610,CGCGTCTCTGATCACCAAGG,GGCGTCTCTGATCACCAAGG,CBE,120,NONE,D120N,19,2,49960649,49960668,AG,49960669,49960670,49960652,49960656,GTCTC,+
gRNA_677,CTGCCTCTGCACTTGAAGAC,GTGCCTCTGCACTTGAAGAC,CBE,40,NONE,R40K,19,2,49960889,49960908,TG,49960909,49960910,49960892,49960896,CCTCT,+
gRNA_791,CCACCTACACCCCGGGGAAG,GCACCTACACCCCGGGGAAG,ABE,632,Y632C,NONE,19,11,49950178,49950159,GG,49950157,49950156,49950175,49950171,CCTAC,-
gRNA_1273,GAGGCATGGTACTTCTTTCG,GAGGCATGGTACTTCTTTCG,CBE,127,NONE,A127V,19,2,49960636,49960617,GG,49960615,49960614,49960633,49960629,GCATG,-
gRNA_1275,ATGAGGCATGGTACTTCTTT,GTGAGGCATGGTACTTCTTT,ABE,126,E126G,NONE,19,2,49960638,49960619,CG,49960617,49960616,49960635,49960631,AGGCA,-
gRNA_1276,GCAGAGGGAGGATGAGGCAT,GCAGAGGGAGGATGAGGCAT,ABE,123,R123G,NONE,19,2,49960649,49960630,GG,49960628,49960627,49960646,49960642,GAGGG,-
gRNA_1280,AGAGACGCGCAGAGGGAGGA,GGAGACGCGCAGAGGGAGGA,ABE,120,D120G,NONE,19,2,49960657,49960638,TG,49960636,49960635,49960654,49960650,GACGC,-
gRNA_1359,GCAGAGGCAGGTGCCGGTGC,GCAGAGGCAGGTGCCGGTGC,ABE,40,R40G,NONE,19,2,49960898,49960879,CG,49960877,49960876,49960895,49960891,GAGGC,-